episode,total_reward,steps
1,-2468.4038152709786,10
2,-3047.272199664941,10
