episode,total_reward,steps
1,-1220.3395182180243,10
2,-148.01998243666048,10
